,Div,Home,Away,preds_home,preds_away,preds_draw
7,D1,Mainz,Ein Frankfurt,0.4896275,0.48532456,0.025047898
8,D1,Bayern Munich,Augsburg,0.5311769,0.45994502,0.008878052
44,D1,Bochum,Dortmund,0.4610004,0.517453,0.021546602
45,D1,Darmstadt,Union Berlin,0.47322395,0.49803922,0.02873683
46,D1,FC Koln,Wolfsburg,0.4937533,0.48304147,0.02320522
47,D1,Freiburg,Werder Bremen,0.5064709,0.47090682,0.022622228
48,D1,Heidenheim,Hoffenheim,0.48333278,0.49384132,0.022825897
49,D1,M'gladbach,Leverkusen,0.47847188,0.49857268,0.022955418
152,D1,RB Leipzig,Stuttgart,0.5139223,0.46918598,0.016891718
